{
    "trial_division": [
        {
            "number": 123456789,
            "time": 0.000997304916381836,
            "factors": [
                3,
                3,
                3607,
                3803
            ]
        },
        {
            "number": 987654321,
            "time": 0.0009965896606445312,
            "factors": [
                3,
                3,
                17,
                17,
                379721
            ]
        },
        {
            "number": 10928374658765654,
            "time": 2.937145709991455,
            "factors": [
                2,
                5464187329382827
            ]
        }
    ],
    "pollards_rho": [
        {
            "number": 123456789,
            "time": 0.0,
            "factors": [
                9
            ]
        },
        {
            "number": 987654321,
            "time": 0.0,
            "factors": [
                3
            ]
        },
        {
            "number": 10928374658765654,
            "time": 0.0,
            "factors": [
                2
            ]
        }
    ]
}